PurchaseOrderID,SupplierID,OrderDate,DeliveryMethodID,ContactPersonID,ExpectedDeliveryDate,SupplierReference,IsOrderFinalized,Comments,InternalComments,LastEditedBy,LastEditedWhen,PurchaseOrderLineID,StockItemID,OrderedOuters,Description,ReceivedOuters,PackageTypeID,ExpectedUnitPricePerOuter,LastReceiptDate,IsOrderLineFinalized,Right_LastEditedBy,Right_LastEditedWhen
256,4,2013-06-01,7,2,2013-06-08,293092,1,NULL,NULL,2,2013-06-03 07:00:00.0000000,1027,86,5,"""The Gu"" red shirt XML tag t-shirt (White) 5XL",5,6,96,2013-06-03,1,2,2013-06-03 07:00:00.0000000
256,4,2013-06-01,7,2,2013-06-08,293092,1,NULL,NULL,2,2013-06-03 07:00:00.0000000,1028,95,15,"""The Gu"" red shirt XML tag t-shirt (Black) XL",15,6,90,2013-06-03,1,2,2013-06-03 07:00:00.0000000
257,4,2013-06-03,7,2,2013-06-23,293092,1,NULL,NULL,13,2013-06-04 07:00:00.0000000,1029,77,347,"""The Gu"" red shirt XML tag t-shirt (White) XXS",347,6,84,2013-06-04,1,13,2013-06-04 07:00:00.0000000
257,4,2013-06-03,7,2,2013-06-23,293092,1,NULL,NULL,13,2013-06-04 07:00:00.0000000,1030,78,515,"""The Gu"" red shirt XML tag t-shirt (White) XS",515,6,84,2013-06-04,1,13,2013-06-04 07:00:00.0000000
257,4,2013-06-03,7,2,2013-06-23,293092,1,NULL,NULL,13,2013-06-04 07:00:00.0000000,1031,80,152,"""The Gu"" red shirt XML tag t-shirt (White) M",152,6,84,2013-06-04,1,13,2013-06-04 07:00:00.0000000
257,4,2013-06-03,7,2,2013-06-23,293092,1,NULL,NULL,13,2013-06-04 07:00:00.0000000,1032,86,345,"""The Gu"" red shirt XML tag t-shirt (White) 5XL",345,6,96,2013-06-04,1,13,2013-06-04 07:00:00.0000000
257,4,2013-06-03,7,2,2013-06-23,293092,1,NULL,NULL,13,2013-06-04 07:00:00.0000000,1033,95,148,"""The Gu"" red shirt XML tag t-shirt (Black) XL",148,6,90,2013-06-04,1,13,2013-06-04 07:00:00.0000000
257,4,2013-06-03,7,2,2013-06-23,293092,1,NULL,NULL,13,2013-06-04 07:00:00.0000000,1034,98,381,"""The Gu"" red shirt XML tag t-shirt (Black) 4XL",381,6,96,2013-06-04,1,13,2013-06-04 07:00:00.0000000
258,7,2013-06-03,2,2,2013-06-23,BC0280982,1,NULL,NULL,13,2013-06-04 07:00:00.0000000,1035,193,148,Black and orange glass with care despatch tape 48mmx75m,148,7,38.4,2013-06-04,1,13,2013-06-04 07:00:00.0000000
258,7,2013-06-03,2,2,2013-06-23,BC0280982,1,NULL,NULL,13,2013-06-04 07:00:00.0000000,1036,199,12,Black and yellow heavy despatch tape  48mmx75m,12,7,36,2013-06-04,1,13,2013-06-04 07:00:00.0000000
258,7,2013-06-03,2,2,2013-06-23,BC0280982,1,NULL,NULL,13,2013-06-04 07:00:00.0000000,1037,204,74,Tape dispenser (Red),74,7,170,2013-06-04,1,13,2013-06-04 07:00:00.0000000
259,4,2013-06-04,7,2,2013-06-24,293092,1,NULL,NULL,6,2013-06-05 07:00:00.0000000,1038,77,348,"""The Gu"" red shirt XML tag t-shirt (White) XXS",348,6,84,2013-06-05,1,6,2013-06-05 07:00:00.0000000
259,4,2013-06-04,7,2,2013-06-24,293092,1,NULL,NULL,6,2013-06-05 07:00:00.0000000,1039,78,527,"""The Gu"" red shirt XML tag t-shirt (White) XS",527,6,84,2013-06-05,1,6,2013-06-05 07:00:00.0000000
259,4,2013-06-04,7,2,2013-06-24,293092,1,NULL,NULL,6,2013-06-05 07:00:00.0000000,1040,80,175,"""The Gu"" red shirt XML tag t-shirt (White) M",175,6,84,2013-06-05,1,6,2013-06-05 07:00:00.0000000
259,4,2013-06-04,7,2,2013-06-24,293092,1,NULL,NULL,6,2013-06-05 07:00:00.0000000,1041,86,343,"""The Gu"" red shirt XML tag t-shirt (White) 5XL",343,6,96,2013-06-05,1,6,2013-06-05 07:00:00.0000000
259,4,2013-06-04,7,2,2013-06-24,293092,1,NULL,NULL,6,2013-06-05 07:00:00.0000000,1042,95,144,"""The Gu"" red shirt XML tag t-shirt (Black) XL",144,6,90,2013-06-05,1,6,2013-06-05 07:00:00.0000000
259,4,2013-06-04,7,2,2013-06-24,293092,1,NULL,NULL,6,2013-06-05 07:00:00.0000000,1043,98,379,"""The Gu"" red shirt XML tag t-shirt (Black) 4XL",379,6,96,2013-06-05,1,6,2013-06-05 07:00:00.0000000
260,7,2013-06-04,2,2,2013-06-24,BC0280982,1,NULL,NULL,6,2013-06-05 07:00:00.0000000,1044,193,144,Black and orange glass with care despatch tape 48mmx75m,144,7,38.4,2013-06-05,1,6,2013-06-05 07:00:00.0000000
260,7,2013-06-04,2,2,2013-06-24,BC0280982,1,NULL,NULL,6,2013-06-05 07:00:00.0000000,1045,199,6,Black and yellow heavy despatch tape  48mmx75m,6,7,36,2013-06-05,1,6,2013-06-05 07:00:00.0000000
260,7,2013-06-04,2,2,2013-06-24,BC0280982,1,NULL,NULL,6,2013-06-05 07:00:00.0000000,1046,204,70,Tape dispenser (Red),70,7,170,2013-06-05,1,6,2013-06-05 07:00:00.0000000
261,4,2013-06-05,7,2,2013-06-25,293092,1,NULL,NULL,13,2013-06-06 07:00:00.0000000,1047,77,351,"""The Gu"" red shirt XML tag t-shirt (White) XXS",351,6,84,2013-06-06,1,13,2013-06-06 07:00:00.0000000
261,4,2013-06-05,7,2,2013-06-25,293092,1,NULL,NULL,13,2013-06-06 07:00:00.0000000,1048,78,525,"""The Gu"" red shirt XML tag t-shirt (White) XS",525,6,84,2013-06-06,1,13,2013-06-06 07:00:00.0000000
261,4,2013-06-05,7,2,2013-06-25,293092,1,NULL,NULL,13,2013-06-06 07:00:00.0000000,1049,80,189,"""The Gu"" red shirt XML tag t-shirt (White) M",189,6,84,2013-06-06,1,13,2013-06-06 07:00:00.0000000
261,4,2013-06-05,7,2,2013-06-25,293092,1,NULL,NULL,13,2013-06-06 07:00:00.0000000,1050,86,351,"""The Gu"" red shirt XML tag t-shirt (White) 5XL",351,6,96,2013-06-06,1,13,2013-06-06 07:00:00.0000000
261,4,2013-06-05,7,2,2013-06-25,293092,1,NULL,NULL,13,2013-06-06 07:00:00.0000000,1051,95,140,"""The Gu"" red shirt XML tag t-shirt (Black) XL",140,6,90,2013-06-06,1,13,2013-06-06 07:00:00.0000000
261,4,2013-06-05,7,2,2013-06-25,293092,1,NULL,NULL,13,2013-06-06 07:00:00.0000000,1052,98,384,"""The Gu"" red shirt XML tag t-shirt (Black) 4XL",384,6,96,2013-06-06,1,13,2013-06-06 07:00:00.0000000
262,7,2013-06-05,2,2,2013-06-25,BC0280982,1,NULL,NULL,13,2013-06-06 07:00:00.0000000,1053,193,149,Black and orange glass with care despatch tape 48mmx75m,149,7,38.4,2013-06-06,1,13,2013-06-06 07:00:00.0000000
262,7,2013-06-05,2,2,2013-06-25,BC0280982,1,NULL,NULL,13,2013-06-06 07:00:00.0000000,1054,199,8,Black and yellow heavy despatch tape  48mmx75m,8,7,36,2013-06-06,1,13,2013-06-06 07:00:00.0000000
262,7,2013-06-05,2,2,2013-06-25,BC0280982,1,NULL,NULL,13,2013-06-06 07:00:00.0000000,1055,204,66,Tape dispenser (Red),66,7,170,2013-06-06,1,13,2013-06-06 07:00:00.0000000
263,4,2013-06-06,7,2,2013-06-26,293092,1,NULL,NULL,13,2013-06-07 07:00:00.0000000,1056,77,349,"""The Gu"" red shirt XML tag t-shirt (White) XXS",349,6,84,2013-06-07,1,13,2013-06-07 07:00:00.0000000
263,4,2013-06-06,7,2,2013-06-26,293092,1,NULL,NULL,13,2013-06-07 07:00:00.0000000,1057,78,523,"""The Gu"" red shirt XML tag t-shirt (White) XS",523,6,84,2013-06-07,1,13,2013-06-07 07:00:00.0000000
263,4,2013-06-06,7,2,2013-06-26,293092,1,NULL,NULL,13,2013-06-07 07:00:00.0000000,1058,80,185,"""The Gu"" red shirt XML tag t-shirt (White) M",185,6,84,2013-06-07,1,13,2013-06-07 07:00:00.0000000
263,4,2013-06-06,7,2,2013-06-26,293092,1,NULL,NULL,13,2013-06-07 07:00:00.0000000,1059,86,369,"""The Gu"" red shirt XML tag t-shirt (White) 5XL",369,6,96,2013-06-07,1,13,2013-06-07 07:00:00.0000000
263,4,2013-06-06,7,2,2013-06-26,293092,1,NULL,NULL,13,2013-06-07 07:00:00.0000000,1060,95,157,"""The Gu"" red shirt XML tag t-shirt (Black) XL",157,6,90,2013-06-07,1,13,2013-06-07 07:00:00.0000000
263,4,2013-06-06,7,2,2013-06-26,293092,1,NULL,NULL,13,2013-06-07 07:00:00.0000000,1061,98,384,"""The Gu"" red shirt XML tag t-shirt (Black) 4XL",384,6,96,2013-06-07,1,13,2013-06-07 07:00:00.0000000
264,7,2013-06-06,2,2,2013-06-26,BC0280982,1,NULL,NULL,13,2013-06-07 07:00:00.0000000,1062,193,151,Black and orange glass with care despatch tape 48mmx75m,151,7,38.4,2013-06-07,1,13,2013-06-07 07:00:00.0000000
264,7,2013-06-06,2,2,2013-06-26,BC0280982,1,NULL,NULL,13,2013-06-07 07:00:00.0000000,1063,199,2,Black and yellow heavy despatch tape  48mmx75m,2,7,36,2013-06-07,1,13,2013-06-07 07:00:00.0000000
264,7,2013-06-06,2,2,2013-06-26,BC0280982,1,NULL,NULL,13,2013-06-07 07:00:00.0000000,1064,204,70,Tape dispenser (Red),70,7,170,2013-06-07,1,13,2013-06-07 07:00:00.0000000
265,4,2013-06-07,7,2,2013-06-27,293092,1,NULL,NULL,17,2013-06-10 07:00:00.0000000,1065,77,354,"""The Gu"" red shirt XML tag t-shirt (White) XXS",354,6,84,2013-06-10,1,17,2013-06-10 07:00:00.0000000
265,4,2013-06-07,7,2,2013-06-27,293092,1,NULL,NULL,17,2013-06-10 07:00:00.0000000,1066,78,522,"""The Gu"" red shirt XML tag t-shirt (White) XS",522,6,84,2013-06-10,1,17,2013-06-10 07:00:00.0000000
265,4,2013-06-07,7,2,2013-06-27,293092,1,NULL,NULL,17,2013-06-10 07:00:00.0000000,1067,80,190,"""The Gu"" red shirt XML tag t-shirt (White) M",190,6,84,2013-06-10,1,17,2013-06-10 07:00:00.0000000
265,4,2013-06-07,7,2,2013-06-27,293092,1,NULL,NULL,17,2013-06-10 07:00:00.0000000,1068,86,375,"""The Gu"" red shirt XML tag t-shirt (White) 5XL",375,6,96,2013-06-10,1,17,2013-06-10 07:00:00.0000000
265,4,2013-06-07,7,2,2013-06-27,293092,1,NULL,NULL,17,2013-06-10 07:00:00.0000000,1069,95,162,"""The Gu"" red shirt XML tag t-shirt (Black) XL",162,6,90,2013-06-10,1,17,2013-06-10 07:00:00.0000000
265,4,2013-06-07,7,2,2013-06-27,293092,1,NULL,NULL,17,2013-06-10 07:00:00.0000000,1070,98,384,"""The Gu"" red shirt XML tag t-shirt (Black) 4XL",384,6,96,2013-06-10,1,17,2013-06-10 07:00:00.0000000
266,7,2013-06-07,2,2,2013-06-27,BC0280982,1,NULL,NULL,17,2013-06-10 07:00:00.0000000,1071,193,154,Black and orange glass with care despatch tape 48mmx75m,154,7,38.4,2013-06-10,1,17,2013-06-10 07:00:00.0000000
266,7,2013-06-07,2,2,2013-06-27,BC0280982,1,NULL,NULL,17,2013-06-10 07:00:00.0000000,1072,204,71,Tape dispenser (Red),71,7,170,2013-06-10,1,17,2013-06-10 07:00:00.0000000
267,4,2013-06-08,7,2,2013-06-22,293092,1,NULL,NULL,17,2013-06-10 07:00:00.0000000,1073,77,7,"""The Gu"" red shirt XML tag t-shirt (White) XXS",7,6,84,2013-06-10,1,17,2013-06-10 07:00:00.0000000
267,4,2013-06-08,7,2,2013-06-22,293092,1,NULL,NULL,17,2013-06-10 07:00:00.0000000,1074,86,1,"""The Gu"" red shirt XML tag t-shirt (White) 5XL",1,6,96,2013-06-10,1,17,2013-06-10 07:00:00.0000000
267,4,2013-06-08,7,2,2013-06-22,293092,1,NULL,NULL,17,2013-06-10 07:00:00.0000000,1075,95,13,"""The Gu"" red shirt XML tag t-shirt (Black) XL",13,6,90,2013-06-10,1,17,2013-06-10 07:00:00.0000000
268,7,2013-06-08,2,2,2013-06-22,BC0280982,1,NULL,NULL,17,2013-06-10 07:00:00.0000000,1076,193,8,Black and orange glass with care despatch tape 48mmx75m,8,7,38.4,2013-06-10,1,17,2013-06-10 07:00:00.0000000
269,4,2013-06-10,7,2,2013-06-30,293092,1,NULL,NULL,20,2013-06-11 07:00:00.0000000,1077,77,369,"""The Gu"" red shirt XML tag t-shirt (White) XXS",369,6,84,2013-06-11,1,20,2013-06-11 07:00:00.0000000
269,4,2013-06-10,7,2,2013-06-30,293092,1,NULL,NULL,20,2013-06-11 07:00:00.0000000,1078,78,522,"""The Gu"" red shirt XML tag t-shirt (White) XS",522,6,84,2013-06-11,1,20,2013-06-11 07:00:00.0000000
269,4,2013-06-10,7,2,2013-06-30,293092,1,NULL,NULL,20,2013-06-11 07:00:00.0000000,1079,80,196,"""The Gu"" red shirt XML tag t-shirt (White) M",196,6,84,2013-06-11,1,20,2013-06-11 07:00:00.0000000
269,4,2013-06-10,7,2,2013-06-30,293092,1,NULL,NULL,20,2013-06-11 07:00:00.0000000,1080,86,390,"""The Gu"" red shirt XML tag t-shirt (White) 5XL",390,6,96,2013-06-11,1,20,2013-06-11 07:00:00.0000000
269,4,2013-06-10,7,2,2013-06-30,293092,1,NULL,NULL,20,2013-06-11 07:00:00.0000000,1081,95,167,"""The Gu"" red shirt XML tag t-shirt (Black) XL",167,6,90,2013-06-11,1,20,2013-06-11 07:00:00.0000000
269,4,2013-06-10,7,2,2013-06-30,293092,1,NULL,NULL,20,2013-06-11 07:00:00.0000000,1082,98,385,"""The Gu"" red shirt XML tag t-shirt (Black) 4XL",385,6,96,2013-06-11,1,20,2013-06-11 07:00:00.0000000
270,7,2013-06-10,2,2,2013-06-30,BC0280982,1,NULL,NULL,20,2013-06-11 07:00:00.0000000,1083,193,154,Black and orange glass with care despatch tape 48mmx75m,154,7,38.4,2013-06-11,1,20,2013-06-11 07:00:00.0000000
270,7,2013-06-10,2,2,2013-06-30,BC0280982,1,NULL,NULL,20,2013-06-11 07:00:00.0000000,1084,204,64,Tape dispenser (Red),64,7,170,2013-06-11,1,20,2013-06-11 07:00:00.0000000
271,4,2013-06-11,7,2,2013-07-01,293092,1,NULL,NULL,12,2013-06-12 07:00:00.0000000,1085,77,372,"""The Gu"" red shirt XML tag t-shirt (White) XXS",372,6,84,2013-06-12,1,12,2013-06-12 07:00:00.0000000
271,4,2013-06-11,7,2,2013-07-01,293092,1,NULL,NULL,12,2013-06-12 07:00:00.0000000,1086,78,520,"""The Gu"" red shirt XML tag t-shirt (White) XS",520,6,84,2013-06-12,1,12,2013-06-12 07:00:00.0000000
271,4,2013-06-11,7,2,2013-07-01,293092,1,NULL,NULL,12,2013-06-12 07:00:00.0000000,1087,80,205,"""The Gu"" red shirt XML tag t-shirt (White) M",205,6,84,2013-06-12,1,12,2013-06-12 07:00:00.0000000
271,4,2013-06-11,7,2,2013-07-01,293092,1,NULL,NULL,12,2013-06-12 07:00:00.0000000,1088,86,390,"""The Gu"" red shirt XML tag t-shirt (White) 5XL",390,6,96,2013-06-12,1,12,2013-06-12 07:00:00.0000000
271,4,2013-06-11,7,2,2013-07-01,293092,1,NULL,NULL,12,2013-06-12 07:00:00.0000000,1089,95,168,"""The Gu"" red shirt XML tag t-shirt (Black) XL",168,6,90,2013-06-12,1,12,2013-06-12 07:00:00.0000000
271,4,2013-06-11,7,2,2013-07-01,293092,1,NULL,NULL,12,2013-06-12 07:00:00.0000000,1090,98,393,"""The Gu"" red shirt XML tag t-shirt (Black) 4XL",393,6,96,2013-06-12,1,12,2013-06-12 07:00:00.0000000
272,7,2013-06-11,2,2,2013-07-01,BC0280982,1,NULL,NULL,12,2013-06-12 07:00:00.0000000,1091,193,150,Black and orange glass with care despatch tape 48mmx75m,150,7,38.4,2013-06-12,1,12,2013-06-12 07:00:00.0000000
272,7,2013-06-11,2,2,2013-07-01,BC0280982,1,NULL,NULL,12,2013-06-12 07:00:00.0000000,1092,204,60,Tape dispenser (Red),60,7,170,2013-06-12,1,12,2013-06-12 07:00:00.0000000
273,4,2013-06-12,7,2,2013-07-02,293092,1,NULL,NULL,3,2013-06-13 07:00:00.0000000,1093,77,370,"""The Gu"" red shirt XML tag t-shirt (White) XXS",370,6,84,2013-06-13,1,3,2013-06-13 07:00:00.0000000
273,4,2013-06-12,7,2,2013-07-02,293092,1,NULL,NULL,3,2013-06-13 07:00:00.0000000,1094,78,519,"""The Gu"" red shirt XML tag t-shirt (White) XS",519,6,84,2013-06-13,1,3,2013-06-13 07:00:00.0000000
273,4,2013-06-12,7,2,2013-07-02,293092,1,NULL,NULL,3,2013-06-13 07:00:00.0000000,1095,80,201,"""The Gu"" red shirt XML tag t-shirt (White) M",201,6,84,2013-06-13,1,3,2013-06-13 07:00:00.0000000
273,4,2013-06-12,7,2,2013-07-02,293092,1,NULL,NULL,3,2013-06-13 07:00:00.0000000,1096,86,388,"""The Gu"" red shirt XML tag t-shirt (White) 5XL",388,6,96,2013-06-13,1,3,2013-06-13 07:00:00.0000000
273,4,2013-06-12,7,2,2013-07-02,293092,1,NULL,NULL,3,2013-06-13 07:00:00.0000000,1097,95,167,"""The Gu"" red shirt XML tag t-shirt (Black) XL",167,6,90,2013-06-13,1,3,2013-06-13 07:00:00.0000000
273,4,2013-06-12,7,2,2013-07-02,293092,1,NULL,NULL,3,2013-06-13 07:00:00.0000000,1098,98,393,"""The Gu"" red shirt XML tag t-shirt (Black) 4XL",393,6,96,2013-06-13,1,3,2013-06-13 07:00:00.0000000
274,7,2013-06-12,2,2,2013-07-02,BC0280982,1,NULL,NULL,3,2013-06-13 07:00:00.0000000,1099,193,148,Black and orange glass with care despatch tape 48mmx75m,148,7,38.4,2013-06-13,1,3,2013-06-13 07:00:00.0000000
274,7,2013-06-12,2,2,2013-07-02,BC0280982,1,NULL,NULL,3,2013-06-13 07:00:00.0000000,1100,204,56,Tape dispenser (Red),56,7,170,2013-06-13,1,3,2013-06-13 07:00:00.0000000
275,4,2013-06-13,7,2,2013-07-03,293092,1,NULL,NULL,10,2013-06-14 07:00:00.0000000,1101,77,368,"""The Gu"" red shirt XML tag t-shirt (White) XXS",368,6,84,2013-06-14,1,10,2013-06-14 07:00:00.0000000
275,4,2013-06-13,7,2,2013-07-03,293092,1,NULL,NULL,10,2013-06-14 07:00:00.0000000,1102,78,517,"""The Gu"" red shirt XML tag t-shirt (White) XS",517,6,84,2013-06-14,1,10,2013-06-14 07:00:00.0000000
275,4,2013-06-13,7,2,2013-07-03,293092,1,NULL,NULL,10,2013-06-14 07:00:00.0000000,1103,80,200,"""The Gu"" red shirt XML tag t-shirt (White) M",200,6,84,2013-06-14,1,10,2013-06-14 07:00:00.0000000
275,4,2013-06-13,7,2,2013-07-03,293092,1,NULL,NULL,10,2013-06-14 07:00:00.0000000,1104,86,393,"""The Gu"" red shirt XML tag t-shirt (White) 5XL",393,6,96,2013-06-14,1,10,2013-06-14 07:00:00.0000000
275,4,2013-06-13,7,2,2013-07-03,293092,1,NULL,NULL,10,2013-06-14 07:00:00.0000000,1105,95,166,"""The Gu"" red shirt XML tag t-shirt (Black) XL",166,6,90,2013-06-14,1,10,2013-06-14 07:00:00.0000000
275,4,2013-06-13,7,2,2013-07-03,293092,1,NULL,NULL,10,2013-06-14 07:00:00.0000000,1106,98,393,"""The Gu"" red shirt XML tag t-shirt (Black) 4XL",393,6,96,2013-06-14,1,10,2013-06-14 07:00:00.0000000
276,7,2013-06-13,2,2,2013-07-03,BC0280982,1,NULL,NULL,10,2013-06-14 07:00:00.0000000,1107,193,144,Black and orange glass with care despatch tape 48mmx75m,144,7,38.4,2013-06-14,1,10,2013-06-14 07:00:00.0000000
276,7,2013-06-13,2,2,2013-07-03,BC0280982,1,NULL,NULL,10,2013-06-14 07:00:00.0000000,1108,204,58,Tape dispenser (Red),58,7,170,2013-06-14,1,10,2013-06-14 07:00:00.0000000
277,4,2013-06-14,7,2,2013-07-04,293092,1,NULL,NULL,16,2013-06-17 07:00:00.0000000,1109,77,372,"""The Gu"" red shirt XML tag t-shirt (White) XXS",372,6,84,2013-06-17,1,16,2013-06-17 07:00:00.0000000
277,4,2013-06-14,7,2,2013-07-04,293092,1,NULL,NULL,16,2013-06-17 07:00:00.0000000,1110,78,524,"""The Gu"" red shirt XML tag t-shirt (White) XS",524,6,84,2013-06-17,1,16,2013-06-17 07:00:00.0000000
277,4,2013-06-14,7,2,2013-07-04,293092,1,NULL,NULL,16,2013-06-17 07:00:00.0000000,1111,80,198,"""The Gu"" red shirt XML tag t-shirt (White) M",198,6,84,2013-06-17,1,16,2013-06-17 07:00:00.0000000
277,4,2013-06-14,7,2,2013-07-04,293092,1,NULL,NULL,16,2013-06-17 07:00:00.0000000,1112,86,397,"""The Gu"" red shirt XML tag t-shirt (White) 5XL",397,6,96,2013-06-17,1,16,2013-06-17 07:00:00.0000000
277,4,2013-06-14,7,2,2013-07-04,293092,1,NULL,NULL,16,2013-06-17 07:00:00.0000000,1113,95,162,"""The Gu"" red shirt XML tag t-shirt (Black) XL",162,6,90,2013-06-17,1,16,2013-06-17 07:00:00.0000000
277,4,2013-06-14,7,2,2013-07-04,293092,1,NULL,NULL,16,2013-06-17 07:00:00.0000000,1114,98,407,"""The Gu"" red shirt XML tag t-shirt (Black) 4XL",407,6,96,2013-06-17,1,16,2013-06-17 07:00:00.0000000
278,7,2013-06-14,2,2,2013-07-04,BC0280982,1,NULL,NULL,16,2013-06-17 07:00:00.0000000,1115,193,150,Black and orange glass with care despatch tape 48mmx75m,150,7,38.4,2013-06-17,1,16,2013-06-17 07:00:00.0000000
278,7,2013-06-14,2,2,2013-07-04,BC0280982,1,NULL,NULL,16,2013-06-17 07:00:00.0000000,1116,204,54,Tape dispenser (Red),54,7,170,2013-06-17,1,16,2013-06-17 07:00:00.0000000
279,4,2013-06-15,7,2,2013-06-29,293092,1,NULL,NULL,16,2013-06-17 07:00:00.0000000,1117,80,4,"""The Gu"" red shirt XML tag t-shirt (White) M",4,6,84,2013-06-17,1,16,2013-06-17 07:00:00.0000000
280,7,2013-06-15,2,2,2013-06-29,BC0280982,1,NULL,NULL,16,2013-06-17 07:00:00.0000000,1118,193,3,Black and orange glass with care despatch tape 48mmx75m,3,7,38.4,2013-06-17,1,16,2013-06-17 07:00:00.0000000
281,4,2013-06-17,7,2,2013-07-07,293092,1,NULL,NULL,8,2013-06-18 07:00:00.0000000,1119,77,368,"""The Gu"" red shirt XML tag t-shirt (White) XXS",368,6,84,2013-06-18,1,8,2013-06-18 07:00:00.0000000
281,4,2013-06-17,7,2,2013-07-07,293092,1,NULL,NULL,8,2013-06-18 07:00:00.0000000,1120,78,520,"""The Gu"" red shirt XML tag t-shirt (White) XS",520,6,84,2013-06-18,1,8,2013-06-18 07:00:00.0000000
281,4,2013-06-17,7,2,2013-07-07,293092,1,NULL,NULL,8,2013-06-18 07:00:00.0000000,1121,80,197,"""The Gu"" red shirt XML tag t-shirt (White) M",197,6,84,2013-06-18,1,8,2013-06-18 07:00:00.0000000
281,4,2013-06-17,7,2,2013-07-07,293092,1,NULL,NULL,8,2013-06-18 07:00:00.0000000,1122,86,402,"""The Gu"" red shirt XML tag t-shirt (White) 5XL",402,6,96,2013-06-18,1,8,2013-06-18 07:00:00.0000000
281,4,2013-06-17,7,2,2013-07-07,293092,1,NULL,NULL,8,2013-06-18 07:00:00.0000000,1123,95,154,"""The Gu"" red shirt XML tag t-shirt (Black) XL",154,6,90,2013-06-18,1,8,2013-06-18 07:00:00.0000000
281,4,2013-06-17,7,2,2013-07-07,293092,1,NULL,NULL,8,2013-06-18 07:00:00.0000000,1124,98,403,"""The Gu"" red shirt XML tag t-shirt (Black) 4XL",403,6,96,2013-06-18,1,8,2013-06-18 07:00:00.0000000
282,7,2013-06-17,2,2,2013-07-07,BC0280982,1,NULL,NULL,8,2013-06-18 07:00:00.0000000,1125,193,145,Black and orange glass with care despatch tape 48mmx75m,145,7,38.4,2013-06-18,1,8,2013-06-18 07:00:00.0000000
282,7,2013-06-17,2,2,2013-07-07,BC0280982,1,NULL,NULL,8,2013-06-18 07:00:00.0000000,1126,204,51,Tape dispenser (Red),51,7,170,2013-06-18,1,8,2013-06-18 07:00:00.0000000
283,4,2013-06-18,7,2,2013-07-08,293092,1,NULL,NULL,8,2013-06-19 07:00:00.0000000,1127,77,366,"""The Gu"" red shirt XML tag t-shirt (White) XXS",366,6,84,2013-06-19,1,8,2013-06-19 07:00:00.0000000
283,4,2013-06-18,7,2,2013-07-08,293092,1,NULL,NULL,8,2013-06-19 07:00:00.0000000,1128,78,518,"""The Gu"" red shirt XML tag t-shirt (White) XS",518,6,84,2013-06-19,1,8,2013-06-19 07:00:00.0000000
283,4,2013-06-18,7,2,2013-07-08,293092,1,NULL,NULL,8,2013-06-19 07:00:00.0000000,1129,80,208,"""The Gu"" red shirt XML tag t-shirt (White) M",208,6,84,2013-06-19,1,8,2013-06-19 07:00:00.0000000
283,4,2013-06-18,7,2,2013-07-08,293092,1,NULL,NULL,8,2013-06-19 07:00:00.0000000,1130,86,401,"""The Gu"" red shirt XML tag t-shirt (White) 5XL",401,6,96,2013-06-19,1,8,2013-06-19 07:00:00.0000000
283,4,2013-06-18,7,2,2013-07-08,293092,1,NULL,NULL,8,2013-06-19 07:00:00.0000000,1131,95,158,"""The Gu"" red shirt XML tag t-shirt (Black) XL",158,6,90,2013-06-19,1,8,2013-06-19 07:00:00.0000000
283,4,2013-06-18,7,2,2013-07-08,293092,1,NULL,NULL,8,2013-06-19 07:00:00.0000000,1132,98,401,"""The Gu"" red shirt XML tag t-shirt (Black) 4XL",401,6,96,2013-06-19,1,8,2013-06-19 07:00:00.0000000
284,7,2013-06-18,2,2,2013-07-08,BC0280982,1,NULL,NULL,8,2013-06-19 07:00:00.0000000,1133,193,150,Black and orange glass with care despatch tape 48mmx75m,150,7,38.4,2013-06-19,1,8,2013-06-19 07:00:00.0000000
284,7,2013-06-18,2,2,2013-07-08,BC0280982,1,NULL,NULL,8,2013-06-19 07:00:00.0000000,1134,204,47,Tape dispenser (Red),47,7,170,2013-06-19,1,8,2013-06-19 07:00:00.0000000
285,4,2013-06-19,7,2,2013-07-09,293092,1,NULL,NULL,4,2013-06-20 07:00:00.0000000,1135,77,376,"""The Gu"" red shirt XML tag t-shirt (White) XXS",376,6,84,2013-06-20,1,4,2013-06-20 07:00:00.0000000
285,4,2013-06-19,7,2,2013-07-09,293092,1,NULL,NULL,4,2013-06-20 07:00:00.0000000,1136,78,527,"""The Gu"" red shirt XML tag t-shirt (White) XS",527,6,84,2013-06-20,1,4,2013-06-20 07:00:00.0000000
285,4,2013-06-19,7,2,2013-07-09,293092,1,NULL,NULL,4,2013-06-20 07:00:00.0000000,1137,80,214,"""The Gu"" red shirt XML tag t-shirt (White) M",214,6,84,2013-06-20,1,4,2013-06-20 07:00:00.0000000
285,4,2013-06-19,7,2,2013-07-09,293092,1,NULL,NULL,4,2013-06-20 07:00:00.0000000,1138,86,403,"""The Gu"" red shirt XML tag t-shirt (White) 5XL",403,6,96,2013-06-20,1,4,2013-06-20 07:00:00.0000000
285,4,2013-06-19,7,2,2013-07-09,293092,1,NULL,NULL,4,2013-06-20 07:00:00.0000000,1139,95,156,"""The Gu"" red shirt XML tag t-shirt (Black) XL",156,6,90,2013-06-20,1,4,2013-06-20 07:00:00.0000000
285,4,2013-06-19,7,2,2013-07-09,293092,1,NULL,NULL,4,2013-06-20 07:00:00.0000000,1140,98,399,"""The Gu"" red shirt XML tag t-shirt (Black) 4XL",399,6,96,2013-06-20,1,4,2013-06-20 07:00:00.0000000
286,7,2013-06-19,2,2,2013-07-09,BC0280982,1,NULL,NULL,4,2013-06-20 07:00:00.0000000,1141,193,146,Black and orange glass with care despatch tape 48mmx75m,146,7,38.4,2013-06-20,1,4,2013-06-20 07:00:00.0000000
286,7,2013-06-19,2,2,2013-07-09,BC0280982,1,NULL,NULL,4,2013-06-20 07:00:00.0000000,1142,204,43,Tape dispenser (Red),43,7,170,2013-06-20,1,4,2013-06-20 07:00:00.0000000
287,4,2013-06-20,7,2,2013-07-10,293092,1,NULL,NULL,16,2013-06-21 07:00:00.0000000,1143,77,377,"""The Gu"" red shirt XML tag t-shirt (White) XXS",377,6,84,2013-06-21,1,16,2013-06-21 07:00:00.0000000
287,4,2013-06-20,7,2,2013-07-10,293092,1,NULL,NULL,16,2013-06-21 07:00:00.0000000,1144,78,531,"""The Gu"" red shirt XML tag t-shirt (White) XS",531,6,84,2013-06-21,1,16,2013-06-21 07:00:00.0000000
287,4,2013-06-20,7,2,2013-07-10,293092,1,NULL,NULL,16,2013-06-21 07:00:00.0000000,1145,80,210,"""The Gu"" red shirt XML tag t-shirt (White) M",210,6,84,2013-06-21,1,16,2013-06-21 07:00:00.0000000
287,4,2013-06-20,7,2,2013-07-10,293092,1,NULL,NULL,16,2013-06-21 07:00:00.0000000,1146,86,401,"""The Gu"" red shirt XML tag t-shirt (White) 5XL",401,6,96,2013-06-21,1,16,2013-06-21 07:00:00.0000000
287,4,2013-06-20,7,2,2013-07-10,293092,1,NULL,NULL,16,2013-06-21 07:00:00.0000000,1147,95,152,"""The Gu"" red shirt XML tag t-shirt (Black) XL",152,6,90,2013-06-21,1,16,2013-06-21 07:00:00.0000000
287,4,2013-06-20,7,2,2013-07-10,293092,1,NULL,NULL,16,2013-06-21 07:00:00.0000000,1148,98,398,"""The Gu"" red shirt XML tag t-shirt (Black) 4XL",398,6,96,2013-06-21,1,16,2013-06-21 07:00:00.0000000
288,7,2013-06-20,2,2,2013-07-10,BC0280982,1,NULL,NULL,16,2013-06-21 07:00:00.0000000,1149,193,142,Black and orange glass with care despatch tape 48mmx75m,142,7,38.4,2013-06-21,1,16,2013-06-21 07:00:00.0000000
288,7,2013-06-20,2,2,2013-07-10,BC0280982,1,NULL,NULL,16,2013-06-21 07:00:00.0000000,1150,204,42,Tape dispenser (Red),42,7,170,2013-06-21,1,16,2013-06-21 07:00:00.0000000
289,4,2013-06-21,7,2,2013-07-11,293092,1,NULL,NULL,14,2013-06-24 07:00:00.0000000,1151,77,379,"""The Gu"" red shirt XML tag t-shirt (White) XXS",379,6,84,2013-06-24,1,14,2013-06-24 07:00:00.0000000
289,4,2013-06-21,7,2,2013-07-11,293092,1,NULL,NULL,14,2013-06-24 07:00:00.0000000,1152,78,529,"""The Gu"" red shirt XML tag t-shirt (White) XS",529,6,84,2013-06-24,1,14,2013-06-24 07:00:00.0000000
289,4,2013-06-21,7,2,2013-07-11,293092,1,NULL,NULL,14,2013-06-24 07:00:00.0000000,1153,80,206,"""The Gu"" red shirt XML tag t-shirt (White) M",206,6,84,2013-06-24,1,14,2013-06-24 07:00:00.0000000
289,4,2013-06-21,7,2,2013-07-11,293092,1,NULL,NULL,14,2013-06-24 07:00:00.0000000,1154,86,410,"""The Gu"" red shirt XML tag t-shirt (White) 5XL",410,6,96,2013-06-24,1,14,2013-06-24 07:00:00.0000000
289,4,2013-06-21,7,2,2013-07-11,293092,1,NULL,NULL,14,2013-06-24 07:00:00.0000000,1155,95,168,"""The Gu"" red shirt XML tag t-shirt (Black) XL",168,6,90,2013-06-24,1,14,2013-06-24 07:00:00.0000000
289,4,2013-06-21,7,2,2013-07-11,293092,1,NULL,NULL,14,2013-06-24 07:00:00.0000000,1156,98,396,"""The Gu"" red shirt XML tag t-shirt (Black) 4XL",396,6,96,2013-06-24,1,14,2013-06-24 07:00:00.0000000
290,7,2013-06-21,2,2,2013-07-11,BC0280982,1,NULL,NULL,14,2013-06-24 07:00:00.0000000,1157,193,145,Black and orange glass with care despatch tape 48mmx75m,145,7,38.4,2013-06-24,1,14,2013-06-24 07:00:00.0000000
290,7,2013-06-21,2,2,2013-07-11,BC0280982,1,NULL,NULL,14,2013-06-24 07:00:00.0000000,1158,204,39,Tape dispenser (Red),39,7,170,2013-06-24,1,14,2013-06-24 07:00:00.0000000
291,4,2013-06-22,7,2,2013-07-06,293092,1,NULL,NULL,14,2013-06-24 07:00:00.0000000,1159,77,2,"""The Gu"" red shirt XML tag t-shirt (White) XXS",2,6,84,2013-06-24,1,14,2013-06-24 07:00:00.0000000
291,4,2013-06-22,7,2,2013-07-06,293092,1,NULL,NULL,14,2013-06-24 07:00:00.0000000,1160,78,4,"""The Gu"" red shirt XML tag t-shirt (White) XS",4,6,84,2013-06-24,1,14,2013-06-24 07:00:00.0000000
291,4,2013-06-22,7,2,2013-07-06,293092,1,NULL,NULL,14,2013-06-24 07:00:00.0000000,1161,86,8,"""The Gu"" red shirt XML tag t-shirt (White) 5XL",8,6,96,2013-06-24,1,14,2013-06-24 07:00:00.0000000
291,4,2013-06-22,7,2,2013-07-06,293092,1,NULL,NULL,14,2013-06-24 07:00:00.0000000,1162,95,10,"""The Gu"" red shirt XML tag t-shirt (Black) XL",10,6,90,2013-06-24,1,14,2013-06-24 07:00:00.0000000
291,4,2013-06-22,7,2,2013-07-06,293092,1,NULL,NULL,14,2013-06-24 07:00:00.0000000,1163,98,3,"""The Gu"" red shirt XML tag t-shirt (Black) 4XL",3,6,96,2013-06-24,1,14,2013-06-24 07:00:00.0000000
292,7,2013-06-22,2,2,2013-07-06,BC0280982,1,NULL,NULL,14,2013-06-24 07:00:00.0000000,1164,193,4,Black and orange glass with care despatch tape 48mmx75m,4,7,38.4,2013-06-24,1,14,2013-06-24 07:00:00.0000000
293,4,2013-06-24,7,2,2013-07-14,293092,1,NULL,NULL,3,2013-06-25 07:00:00.0000000,1165,77,377,"""The Gu"" red shirt XML tag t-shirt (White) XXS",377,6,84,2013-06-25,1,3,2013-06-25 07:00:00.0000000
293,4,2013-06-24,7,2,2013-07-14,293092,1,NULL,NULL,3,2013-06-25 07:00:00.0000000,1166,78,545,"""The Gu"" red shirt XML tag t-shirt (White) XS",545,6,84,2013-06-25,1,3,2013-06-25 07:00:00.0000000
293,4,2013-06-24,7,2,2013-07-14,293092,1,NULL,NULL,3,2013-06-25 07:00:00.0000000,1167,80,206,"""The Gu"" red shirt XML tag t-shirt (White) M",206,6,84,2013-06-25,1,3,2013-06-25 07:00:00.0000000
293,4,2013-06-24,7,2,2013-07-14,293092,1,NULL,NULL,3,2013-06-25 07:00:00.0000000,1168,86,437,"""The Gu"" red shirt XML tag t-shirt (White) 5XL",437,6,96,2013-06-25,1,3,2013-06-25 07:00:00.0000000
293,4,2013-06-24,7,2,2013-07-14,293092,1,NULL,NULL,3,2013-06-25 07:00:00.0000000,1169,95,170,"""The Gu"" red shirt XML tag t-shirt (Black) XL",170,6,90,2013-06-25,1,3,2013-06-25 07:00:00.0000000
293,4,2013-06-24,7,2,2013-07-14,293092,1,NULL,NULL,3,2013-06-25 07:00:00.0000000,1170,98,397,"""The Gu"" red shirt XML tag t-shirt (Black) 4XL",397,6,96,2013-06-25,1,3,2013-06-25 07:00:00.0000000
294,7,2013-06-24,2,2,2013-07-14,BC0280982,1,NULL,NULL,3,2013-06-25 07:00:00.0000000,1171,193,141,Black and orange glass with care despatch tape 48mmx75m,141,7,38.4,2013-06-25,1,3,2013-06-25 07:00:00.0000000
294,7,2013-06-24,2,2,2013-07-14,BC0280982,1,NULL,NULL,3,2013-06-25 07:00:00.0000000,1172,204,34,Tape dispenser (Red),34,7,170,2013-06-25,1,3,2013-06-25 07:00:00.0000000
295,4,2013-06-25,7,2,2013-07-15,293092,1,NULL,NULL,12,2013-06-26 07:00:00.0000000,1173,77,390,"""The Gu"" red shirt XML tag t-shirt (White) XXS",390,6,84,2013-06-26,1,12,2013-06-26 07:00:00.0000000
295,4,2013-06-25,7,2,2013-07-15,293092,1,NULL,NULL,12,2013-06-26 07:00:00.0000000,1174,78,559,"""The Gu"" red shirt XML tag t-shirt (White) XS",559,6,84,2013-06-26,1,12,2013-06-26 07:00:00.0000000
295,4,2013-06-25,7,2,2013-07-15,293092,1,NULL,NULL,12,2013-06-26 07:00:00.0000000,1175,80,208,"""The Gu"" red shirt XML tag t-shirt (White) M",208,6,84,2013-06-26,1,12,2013-06-26 07:00:00.0000000
295,4,2013-06-25,7,2,2013-07-15,293092,1,NULL,NULL,12,2013-06-26 07:00:00.0000000,1176,86,443,"""The Gu"" red shirt XML tag t-shirt (White) 5XL",443,6,96,2013-06-26,1,12,2013-06-26 07:00:00.0000000
295,4,2013-06-25,7,2,2013-07-15,293092,1,NULL,NULL,12,2013-06-26 07:00:00.0000000,1177,95,166,"""The Gu"" red shirt XML tag t-shirt (Black) XL",166,6,90,2013-06-26,1,12,2013-06-26 07:00:00.0000000
295,4,2013-06-25,7,2,2013-07-15,293092,1,NULL,NULL,12,2013-06-26 07:00:00.0000000,1178,98,409,"""The Gu"" red shirt XML tag t-shirt (Black) 4XL",409,6,96,2013-06-26,1,12,2013-06-26 07:00:00.0000000
296,7,2013-06-25,2,2,2013-07-15,BC0280982,1,NULL,NULL,12,2013-06-26 07:00:00.0000000,1179,193,137,Black and orange glass with care despatch tape 48mmx75m,137,7,38.4,2013-06-26,1,12,2013-06-26 07:00:00.0000000
296,7,2013-06-25,2,2,2013-07-15,BC0280982,1,NULL,NULL,12,2013-06-26 07:00:00.0000000,1180,204,41,Tape dispenser (Red),41,7,170,2013-06-26,1,12,2013-06-26 07:00:00.0000000
297,4,2013-06-26,7,2,2013-07-16,293092,1,NULL,NULL,17,2013-06-27 07:00:00.0000000,1181,77,391,"""The Gu"" red shirt XML tag t-shirt (White) XXS",391,6,84,2013-06-27,1,17,2013-06-27 07:00:00.0000000
297,4,2013-06-26,7,2,2013-07-16,293092,1,NULL,NULL,17,2013-06-27 07:00:00.0000000,1182,78,559,"""The Gu"" red shirt XML tag t-shirt (White) XS",559,6,84,2013-06-27,1,17,2013-06-27 07:00:00.0000000
297,4,2013-06-26,7,2,2013-07-16,293092,1,NULL,NULL,17,2013-06-27 07:00:00.0000000,1183,80,204,"""The Gu"" red shirt XML tag t-shirt (White) M",204,6,84,2013-06-27,1,17,2013-06-27 07:00:00.0000000
297,4,2013-06-26,7,2,2013-07-16,293092,1,NULL,NULL,17,2013-06-27 07:00:00.0000000,1184,86,452,"""The Gu"" red shirt XML tag t-shirt (White) 5XL",452,6,96,2013-06-27,1,17,2013-06-27 07:00:00.0000000
297,4,2013-06-26,7,2,2013-07-16,293092,1,NULL,NULL,17,2013-06-27 07:00:00.0000000,1185,95,162,"""The Gu"" red shirt XML tag t-shirt (Black) XL",162,6,90,2013-06-27,1,17,2013-06-27 07:00:00.0000000
297,4,2013-06-26,7,2,2013-07-16,293092,1,NULL,NULL,17,2013-06-27 07:00:00.0000000,1186,98,408,"""The Gu"" red shirt XML tag t-shirt (Black) 4XL",408,6,96,2013-06-27,1,17,2013-06-27 07:00:00.0000000
298,7,2013-06-26,2,2,2013-07-16,BC0280982,1,NULL,NULL,17,2013-06-27 07:00:00.0000000,1187,193,133,Black and orange glass with care despatch tape 48mmx75m,133,7,38.4,2013-06-27,1,17,2013-06-27 07:00:00.0000000
298,7,2013-06-26,2,2,2013-07-16,BC0280982,1,NULL,NULL,17,2013-06-27 07:00:00.0000000,1188,204,37,Tape dispenser (Red),37,7,170,2013-06-27,1,17,2013-06-27 07:00:00.0000000
299,4,2013-06-27,7,2,2013-07-17,293092,1,NULL,NULL,10,2013-06-28 07:00:00.0000000,1189,77,389,"""The Gu"" red shirt XML tag t-shirt (White) XXS",389,6,84,2013-06-28,1,10,2013-06-28 07:00:00.0000000
299,4,2013-06-27,7,2,2013-07-17,293092,1,NULL,NULL,10,2013-06-28 07:00:00.0000000,1190,78,570,"""The Gu"" red shirt XML tag t-shirt (White) XS",570,6,84,2013-06-28,1,10,2013-06-28 07:00:00.0000000
299,4,2013-06-27,7,2,2013-07-17,293092,1,NULL,NULL,10,2013-06-28 07:00:00.0000000,1191,80,203,"""The Gu"" red shirt XML tag t-shirt (White) M",203,6,84,2013-06-28,1,10,2013-06-28 07:00:00.0000000
299,4,2013-06-27,7,2,2013-07-17,293092,1,NULL,NULL,10,2013-06-28 07:00:00.0000000,1192,86,450,"""The Gu"" red shirt XML tag t-shirt (White) 5XL",450,6,96,2013-06-28,1,10,2013-06-28 07:00:00.0000000
299,4,2013-06-27,7,2,2013-07-17,293092,1,NULL,NULL,10,2013-06-28 07:00:00.0000000,1193,95,163,"""The Gu"" red shirt XML tag t-shirt (Black) XL",163,6,90,2013-06-28,1,10,2013-06-28 07:00:00.0000000
299,4,2013-06-27,7,2,2013-07-17,293092,1,NULL,NULL,10,2013-06-28 07:00:00.0000000,1194,98,425,"""The Gu"" red shirt XML tag t-shirt (Black) 4XL",425,6,96,2013-06-28,1,10,2013-06-28 07:00:00.0000000
300,7,2013-06-27,2,2,2013-07-17,BC0280982,1,NULL,NULL,10,2013-06-28 07:00:00.0000000,1195,193,135,Black and orange glass with care despatch tape 48mmx75m,135,7,38.4,2013-06-28,1,10,2013-06-28 07:00:00.0000000
300,7,2013-06-27,2,2,2013-07-17,BC0280982,1,NULL,NULL,10,2013-06-28 07:00:00.0000000,1196,204,52,Tape dispenser (Red),52,7,170,2013-06-28,1,10,2013-06-28 07:00:00.0000000
301,4,2013-06-28,7,2,2013-07-18,293092,1,NULL,NULL,19,2013-07-01 07:00:00.0000000,1197,77,395,"""The Gu"" red shirt XML tag t-shirt (White) XXS",395,6,84,2013-07-01,1,19,2013-07-01 07:00:00.0000000
301,4,2013-06-28,7,2,2013-07-18,293092,1,NULL,NULL,19,2013-07-01 07:00:00.0000000,1198,78,587,"""The Gu"" red shirt XML tag t-shirt (White) XS",587,6,84,2013-07-01,1,19,2013-07-01 07:00:00.0000000
301,4,2013-06-28,7,2,2013-07-18,293092,1,NULL,NULL,19,2013-07-01 07:00:00.0000000,1199,80,199,"""The Gu"" red shirt XML tag t-shirt (White) M",199,6,84,2013-07-01,1,19,2013-07-01 07:00:00.0000000
301,4,2013-06-28,7,2,2013-07-18,293092,1,NULL,NULL,19,2013-07-01 07:00:00.0000000,1200,86,449,"""The Gu"" red shirt XML tag t-shirt (White) 5XL",449,6,96,2013-07-01,1,19,2013-07-01 07:00:00.0000000
301,4,2013-06-28,7,2,2013-07-18,293092,1,NULL,NULL,19,2013-07-01 07:00:00.0000000,1201,95,181,"""The Gu"" red shirt XML tag t-shirt (Black) XL",181,6,90,2013-07-01,1,19,2013-07-01 07:00:00.0000000
301,4,2013-06-28,7,2,2013-07-18,293092,1,NULL,NULL,19,2013-07-01 07:00:00.0000000,1202,98,423,"""The Gu"" red shirt XML tag t-shirt (Black) 4XL",423,6,96,2013-07-01,1,19,2013-07-01 07:00:00.0000000
302,7,2013-06-28,2,2,2013-07-18,BC0280982,1,NULL,NULL,19,2013-07-01 07:00:00.0000000,1203,193,132,Black and orange glass with care despatch tape 48mmx75m,132,7,38.4,2013-07-01,1,19,2013-07-01 07:00:00.0000000
302,7,2013-06-28,2,2,2013-07-18,BC0280982,1,NULL,NULL,19,2013-07-01 07:00:00.0000000,1204,204,48,Tape dispenser (Red),48,7,170,2013-07-01,1,19,2013-07-01 07:00:00.0000000
303,4,2013-06-29,7,2,2013-07-13,293092,1,NULL,NULL,19,2013-07-01 07:00:00.0000000,1205,78,10,"""The Gu"" red shirt XML tag t-shirt (White) XS",10,6,84,2013-07-01,1,19,2013-07-01 07:00:00.0000000
303,4,2013-06-29,7,2,2013-07-13,293092,1,NULL,NULL,19,2013-07-01 07:00:00.0000000,1206,86,9,"""The Gu"" red shirt XML tag t-shirt (White) 5XL",9,6,96,2013-07-01,1,19,2013-07-01 07:00:00.0000000
303,4,2013-06-29,7,2,2013-07-13,293092,1,NULL,NULL,19,2013-07-01 07:00:00.0000000,1207,95,9,"""The Gu"" red shirt XML tag t-shirt (Black) XL",9,6,90,2013-07-01,1,19,2013-07-01 07:00:00.0000000
304,7,2013-06-29,2,2,2013-07-13,BC0280982,1,NULL,NULL,19,2013-07-01 07:00:00.0000000,1208,193,2,Black and orange glass with care despatch tape 48mmx75m,2,7,38.4,2013-07-01,1,19,2013-07-01 07:00:00.0000000
304,7,2013-06-29,2,2,2013-07-13,BC0280982,1,NULL,NULL,19,2013-07-01 07:00:00.0000000,1209,199,11,Black and yellow heavy despatch tape  48mmx75m,11,7,36,2013-07-01,1,19,2013-07-01 07:00:00.0000000
